numCircumferences,numPoints,noisePercentage,totalError,minError,maxError
1,50,5.0,2.7194632330143618,2.7194632330143618,2.7194632330143618
1,50,5.0,2.660299065183894,2.660299065183894,2.660299065183894
